V1,V2,V3,V4,V5,Amount,Time
0.9629605732494478,-1.2690896148598123,0.38169053447961365,-0.40925030661018263,0.3509129698101024,43.75484213873694,102269
-0.7246110515177244,-0.027433354183723595,-0.05337484442851077,-1.4026906774030896,-0.15424682739609405,60.92123243339608,111552
-0.8537592225874118,0.3044355228138156,1.0863259168730321,1.5949368233406982,1.0492683488858106,47.51446619997359,78059
0.4597059550149875,-0.7362731165383355,-0.6169795037547775,-0.06734265280915312,-0.7991438330284719,3.4404154062174115,117085
0.9885532424653152,0.028326745082940964,0.9861740478907121,1.9076359704420263,0.12016093337904353,106.5667071069233,33772
0.040256502000462865,-1.599949334084345,0.5384978536410825,1.2213561293133421,0.44521271024701903,80.12653906963676,143491
-1.2863933350836971,1.4099062172750279,-0.012029919898946523,-0.798145704786435,-0.40023280990585663,39.93867644979598,148897
-1.360258366289327,-0.6816145525304338,-0.31493664075714545,-0.0849898009367489,0.8397099365599667,41.14716032293137,75164
